{
  "Logistic Regression": {
    "features": 27,
    "train_time": 0.0812220573425293,
    "val_f1": 0.24493243243243243,
    "val_auc": 0.8381550661634739,
    "use_pca": false
  },
  "Random Forest": {
    "features": 27,
    "train_time": 0.5846257209777832,
    "val_f1": 0.21481481481481482,
    "val_auc": 0.6412387139922611,
    "use_pca": false,
    "feature_importances": {
      "avg_tmax": 0.024233264381868243,
      "max_tmax": 0.022450737921417982,
      "min_tmax": 0.03292204140907142,
      "tmax_range": 0.03657871050768285,
      "avg_tmin": 0.033759367994601136,
      "max_tmin": 0.020992701809647275,
      "min_tmin": 0.03622898979933162,
      "total_precip": 0.019592983402872362,
      "avg_precip": 0.019484105776292043,
      "max_precip": 0.016950638767212842,
      "dry_months": 0.014320865188259752,
      "temp_std": 0.03425384037038288,
      "summer_tmax": 0.020878818142444203,
      "summer_tmin": 0.022130795105024876,
      "summer_precip": 0.011429378747013195,
      "summer_dry": 0.010458519354808729,
      "fall_tmax": 0.02251754072889151,
      "fall_precip": 0.020404034405237765,
      "aridity": 0.0203477677701925,
      "summer_aridity": 0.023363961923074848,
      "hist_count": 0.07363404027479081,
      "hist_total_acres": 0.10471547879641992,
      "hist_max_acres": 0.10972450207179635,
      "hist_avg_acres": 0.13284347918514045,
      "hist_years": 0.042831717332071015,
      "had_fire_last_year": 0.020578772467986447,
      "fire_frequency": 0.05237294636646684
    }
  },
  "Gradient Boosting": {
    "features": 27,
    "train_time": 4.712528705596924,
    "val_f1": 0.3573667711598746,
    "val_auc": 0.8398736444847847,
    "use_pca": false,
    "feature_importances": {
      "avg_tmax": 0.02796140294075941,
      "max_tmax": 0.013820645381002736,
      "min_tmax": 0.026802681712187817,
      "tmax_range": 0.024349755299501563,
      "avg_tmin": 0.032109465270893,
      "max_tmin": 0.018743868296727216,
      "min_tmin": 0.023838610510711327,
      "total_precip": 0.009990961919612677,
      "avg_precip": 0.020401695901095106,
      "max_precip": 0.024753309133844312,
      "dry_months": 0.009937903600088378,
      "temp_std": 0.026577737758245824,
      "summer_tmax": 0.013949605270136826,
      "summer_tmin": 0.02456351257646932,
      "summer_precip": 0.015406235670982718,
      "summer_dry": 0.01053115030152238,
      "fall_tmax": 0.029090068379341482,
      "fall_precip": 0.014459135801420168,
      "aridity": 0.014474044608048693,
      "summer_aridity": 0.0262684270648665,
      "hist_count": 0.04368017223073119,
      "hist_total_acres": 0.10304600799142655,
      "hist_max_acres": 0.13045781559104114,
      "hist_avg_acres": 0.22122436517367478,
      "hist_years": 0.004953558240499789,
      "had_fire_last_year": 0.011241427610851795,
      "fire_frequency": 0.07736643576431741
    }
  },
  "RF (8 PCA)": {
    "features": 8,
    "train_time": 0.5251302719116211,
    "val_f1": 0.2913907284768212,
    "val_auc": 0.712550757177662,
    "use_pca": true
  }
}